[{"model": "contenttypes.contenttype", "pk": 1, "fields": {"app_label": "admin", "model": "logentry"}}, {"model": "contenttypes.contenttype", "pk": 2, "fields": {"app_label": "auth", "model": "permission"}}, {"model": "contenttypes.contenttype", "pk": 3, "fields": {"app_label": "auth", "model": "group"}}, {"model": "contenttypes.contenttype", "pk": 4, "fields": {"app_label": "auth", "model": "user"}}, {"model": "contenttypes.contenttype", "pk": 5, "fields": {"app_label": "contenttypes", "model": "contenttype"}}, {"model": "contenttypes.contenttype", "pk": 6, "fields": {"app_label": "sessions", "model": "session"}}, {"model": "contenttypes.contenttype", "pk": 7, "fields": {"app_label": "transparency", "model": "application"}}, {"model": "contenttypes.contenttype", "pk": 8, "fields": {"app_label": "transparency", "model": "stakeholder"}}, {"model": "contenttypes.contenttype", "pk": 9, "fields": {"app_label": "transparency", "model": "stakeholderinformationrelationship"}}, {"model": "contenttypes.contenttype", "pk": 10, "fields": {"app_label": "transparency", "model": "informationelement"}}, {"model": "sessions.session", "pk": "4xq7q4gxv9y9t3ph2e0p9fkubknxph9g", "fields": {"session_data": "YmQ3MDQxYmQ1NmEwNTRlNzQ1MjcyZjY0MTZiZmJiMTYxOTc5YTNlNzp7Il9hdXRoX3VzZXJfaWQiOiIxIiwiX2F1dGhfdXNlcl9iYWNrZW5kIjoiZGphbmdvLmNvbnRyaWIuYXV0aC5iYWNrZW5kcy5Nb2RlbEJhY2tlbmQiLCJfYXV0aF91c2VyX2hhc2giOiJhNzBhOWUyNjg1NGI1NWZlZDg3OGEwMTg2ZTc4ZDJjN2IxZDVlNDdhIn0=", "expire_date": "2021-03-15T19:43:48.909Z"}}, {"model": "sessions.session", "pk": "8e4kaftl3y60qtt9o5lbbtqp4qxpwa46", "fields": {"session_data": "YmQ3MDQxYmQ1NmEwNTRlNzQ1MjcyZjY0MTZiZmJiMTYxOTc5YTNlNzp7Il9hdXRoX3VzZXJfaWQiOiIxIiwiX2F1dGhfdXNlcl9iYWNrZW5kIjoiZGphbmdvLmNvbnRyaWIuYXV0aC5iYWNrZW5kcy5Nb2RlbEJhY2tlbmQiLCJfYXV0aF91c2VyX2hhc2giOiJhNzBhOWUyNjg1NGI1NWZlZDg3OGEwMTg2ZTc4ZDJjN2IxZDVlNDdhIn0=", "expire_date": "2021-03-15T10:02:35.794Z"}}, {"model": "sessions.session", "pk": "9iv8g8sesnvflbead3nmigo4qbx45y4r", "fields": {"session_data": "YmQ3MDQxYmQ1NmEwNTRlNzQ1MjcyZjY0MTZiZmJiMTYxOTc5YTNlNzp7Il9hdXRoX3VzZXJfaWQiOiIxIiwiX2F1dGhfdXNlcl9iYWNrZW5kIjoiZGphbmdvLmNvbnRyaWIuYXV0aC5iYWNrZW5kcy5Nb2RlbEJhY2tlbmQiLCJfYXV0aF91c2VyX2hhc2giOiJhNzBhOWUyNjg1NGI1NWZlZDg3OGEwMTg2ZTc4ZDJjN2IxZDVlNDdhIn0=", "expire_date": "2021-03-17T20:54:10.170Z"}}, {"model": "transparency.application", "pk": 1, "fields": {"name": "Amazon Web Services (AWS)", "description": null}}, {"model": "transparency.application", "pk": 2, "fields": {"name": "WhatsApp", "description": null}}, {"model": "transparency.stakeholder", "pk": 1, "fields": {"name": "AWS team", "description": null, "application": 1}}, {"model": "transparency.stakeholder", "pk": 2, "fields": {"name": "Customer", "description": null, "application": 1}}, {"model": "transparency.stakeholder", "pk": 3, "fields": {"name": "Customers", "description": null, "application": 2}}, {"model": "transparency.stakeholder", "pk": 4, "fields": {"name": "WhatsApp team", "description": null, "application": 2}}, {"model": "transparency.stakeholder", "pk": 5, "fields": {"name": "Amazon company", "description": null, "application": 1}}, {"model": "transparency.stakeholder", "pk": 6, "fields": {"name": "Third-party service providers", "description": null, "application": 1}}, {"model": "transparency.stakeholder", "pk": 7, "fields": {"name": "Facebook company", "description": null, "application": 2}}, {"model": "transparency.stakeholder", "pk": 8, "fields": {"name": "Third-party entities", "description": null, "application": 2}}, {"model": "transparency.informationelement", "pk": 1, "fields": {"name": "Personal information (PI)", "description": "This information element contains the customer\u2019s personal information. This includes name, email address, physical address, phone number, and other similar contact information, payment information, including credit card and bank account information, and more.", "type": "data", "application": 1, "information_elements": []}}, {"model": "transparency.informationelement", "pk": 2, "fields": {"name": "Collection of personal information", "description": "This information element contains how the AWS team collects information about customers, using the information provided by them, automatic information, or information from public sources.", "type": "process", "application": 1, "information_elements": []}}, {"model": "transparency.informationelement", "pk": 3, "fields": {"name": "Purpose for using personal information", "description": "This Information element contains the main purposes for using the customer\u2019s personal information, which is to provide AWS offerings, measure, support, and improve the offerings, for marketing purposes and recommendations.", "type": "policy", "application": 1, "information_elements": []}}, {"model": "transparency.informationelement", "pk": 4, "fields": {"name": "Cookies", "description": "This information element explains why the AWS website needs to use cookies.", "type": "policy", "application": 1, "information_elements": []}}, {"model": "transparency.informationelement", "pk": 5, "fields": {"name": "Sharing of personal information", "description": "This information element contains how personal information sharing works, AWS uses other third parties service providers but they make sure that personal information is secure and shares only related data.", "type": "policy", "application": 1, "information_elements": []}}, {"model": "transparency.informationelement", "pk": 6, "fields": {"name": "Location of personal information", "description": "This information element contains the location of the customer\u2019s personal information.", "type": "data", "application": 1, "information_elements": []}}, {"model": "transparency.informationelement", "pk": 7, "fields": {"name": "Security of personal information", "description": "This information element talks about how personal information is being secured and encrypted, and how the AWS team makes sure that it is safe and protected, especially sensitive information like credit cards.", "type": "process", "application": 1, "information_elements": []}}, {"model": "transparency.informationelement", "pk": 8, "fields": {"name": "Children\u2019s PI", "description": "This information element says that AWS offerings are not meant for children. If a customer is under 18, only with the intervention of a parent or guardian can he use AWS Offers?", "type": "data", "application": 1, "information_elements": []}}, {"model": "transparency.informationelement", "pk": 9, "fields": {"name": "Personal messages", "description": "Customers provide messages as data", "type": "data", "application": 2, "information_elements": []}}, {"model": "transparency.informationelement", "pk": 10, "fields": {"name": "WhatsApp's end-to-end message encryption system", "description": "What kind of security is provided in sending messages with Whatsapp?", "type": "data", "application": 2, "information_elements": []}}, {"model": "transparency.informationelement", "pk": 11, "fields": {"name": "Procedure of encrypting messages", "description": "How Whatsapp encrypt messages? with a lock and only the recipient of the messages can unlock and read them using a special key, all of this is an automatic process", "type": "process", "application": 2, "information_elements": []}}, {"model": "transparency.informationelement", "pk": 12, "fields": {"name": "Purpose of using end-to-end encryption", "description": "Why Whatsapp uses end-to-end encryption? To ensure the security and the integrity of their customers", "type": "policy", "application": 2, "information_elements": []}}, {"model": "transparency.informationelement", "pk": 13, "fields": {"name": "Payment information provided by the customer", "description": "", "type": "data", "application": 2, "information_elements": []}}, {"model": "transparency.informationelement", "pk": 14, "fields": {"name": "Payment information (Card and bank numbers) security", "description": "How customers payment information are stored? stored encrypted and in a highly-secured network", "type": "process", "application": 2, "information_elements": []}}, {"model": "transparency.informationelement", "pk": 15, "fields": {"name": "Location of end-to-end encrypted messages", "description": "What is the location of the customer\u2019s messages? End-to-end encrypted messages are stored on your device and not on WhatsApp servers after they are delivered", "type": "data", "application": 2, "information_elements": []}}, {"model": "transparency.stakeholderinformationrelationship", "pk": 1, "fields": {"stakeholder": 2, "information_element": 1, "type": "production"}}, {"model": "transparency.stakeholderinformationrelationship", "pk": 2, "fields": {"stakeholder": 1, "information_element": 2, "type": "production"}}, {"model": "transparency.stakeholderinformationrelationship", "pk": 3, "fields": {"stakeholder": 1, "information_element": 3, "type": "production"}}, {"model": "transparency.stakeholderinformationrelationship", "pk": 4, "fields": {"stakeholder": 1, "information_element": 4, "type": "production"}}, {"model": "transparency.stakeholderinformationrelationship", "pk": 5, "fields": {"stakeholder": 1, "information_element": 5, "type": "production"}}, {"model": "transparency.stakeholderinformationrelationship", "pk": 6, "fields": {"stakeholder": 1, "information_element": 6, "type": "production"}}, {"model": "transparency.stakeholderinformationrelationship", "pk": 9, "fields": {"stakeholder": 1, "information_element": 7, "type": "production"}}, {"model": "transparency.stakeholderinformationrelationship", "pk": 10, "fields": {"stakeholder": 1, "information_element": 8, "type": "production"}}, {"model": "transparency.stakeholderinformationrelationship", "pk": 11, "fields": {"stakeholder": 1, "information_element": 1, "type": "optional"}}, {"model": "transparency.stakeholderinformationrelationship", "pk": 12, "fields": {"stakeholder": 2, "information_element": 2, "type": "obligatory"}}, {"model": "transparency.stakeholderinformationrelationship", "pk": 13, "fields": {"stakeholder": 2, "information_element": 3, "type": "obligatory"}}, {"model": "transparency.stakeholderinformationrelationship", "pk": 14, "fields": {"stakeholder": 2, "information_element": 4, "type": "obligatory"}}, {"model": "transparency.stakeholderinformationrelationship", "pk": 15, "fields": {"stakeholder": 2, "information_element": 5, "type": "obligatory"}}, {"model": "transparency.stakeholderinformationrelationship", "pk": 16, "fields": {"stakeholder": 2, "information_element": 6, "type": "obligatory"}}, {"model": "transparency.stakeholderinformationrelationship", "pk": 17, "fields": {"stakeholder": 2, "information_element": 7, "type": "obligatory"}}, {"model": "transparency.stakeholderinformationrelationship", "pk": 18, "fields": {"stakeholder": 2, "information_element": 8, "type": "obligatory"}}, {"model": "transparency.stakeholderinformationrelationship", "pk": 19, "fields": {"stakeholder": 5, "information_element": 1, "type": "optional"}}, {"model": "transparency.stakeholderinformationrelationship", "pk": 20, "fields": {"stakeholder": 6, "information_element": 1, "type": "optional"}}, {"model": "transparency.stakeholderinformationrelationship", "pk": 21, "fields": {"stakeholder": 6, "information_element": 5, "type": "obligatory"}}, {"model": "transparency.stakeholderinformationrelationship", "pk": 22, "fields": {"stakeholder": 5, "information_element": 5, "type": "obligatory"}}, {"model": "transparency.stakeholderinformationrelationship", "pk": 23, "fields": {"stakeholder": 3, "information_element": 9, "type": "production"}}, {"model": "transparency.stakeholderinformationrelationship", "pk": 24, "fields": {"stakeholder": 4, "information_element": 10, "type": "production"}}, {"model": "transparency.stakeholderinformationrelationship", "pk": 25, "fields": {"stakeholder": 4, "information_element": 11, "type": "production"}}, {"model": "transparency.stakeholderinformationrelationship", "pk": 26, "fields": {"stakeholder": 4, "information_element": 12, "type": "production"}}, {"model": "transparency.stakeholderinformationrelationship", "pk": 27, "fields": {"stakeholder": 4, "information_element": 13, "type": "production"}}, {"model": "transparency.stakeholderinformationrelationship", "pk": 28, "fields": {"stakeholder": 4, "information_element": 14, "type": "production"}}, {"model": "transparency.stakeholderinformationrelationship", "pk": 29, "fields": {"stakeholder": 4, "information_element": 15, "type": "production"}}, {"model": "transparency.stakeholderinformationrelationship", "pk": 30, "fields": {"stakeholder": 3, "information_element": 10, "type": "obligatory"}}, {"model": "transparency.stakeholderinformationrelationship", "pk": 31, "fields": {"stakeholder": 3, "information_element": 11, "type": "obligatory"}}, {"model": "transparency.stakeholderinformationrelationship", "pk": 32, "fields": {"stakeholder": 3, "information_element": 12, "type": "obligatory"}}, {"model": "transparency.stakeholderinformationrelationship", "pk": 33, "fields": {"stakeholder": 3, "information_element": 13, "type": "obligatory"}}, {"model": "transparency.stakeholderinformationrelationship", "pk": 34, "fields": {"stakeholder": 3, "information_element": 14, "type": "obligatory"}}, {"model": "transparency.stakeholderinformationrelationship", "pk": 35, "fields": {"stakeholder": 3, "information_element": 15, "type": "obligatory"}}, {"model": "transparency.stakeholderinformationrelationship", "pk": 36, "fields": {"stakeholder": 7, "information_element": 9, "type": "optional"}}, {"model": "transparency.stakeholderinformationrelationship", "pk": 37, "fields": {"stakeholder": 8, "information_element": 9, "type": "optional"}}, {"model": "auth.permission", "pk": 1, "fields": {"name": "Can add log entry", "content_type": 1, "codename": "add_logentry"}}, {"model": "auth.permission", "pk": 2, "fields": {"name": "Can change log entry", "content_type": 1, "codename": "change_logentry"}}, {"model": "auth.permission", "pk": 3, "fields": {"name": "Can delete log entry", "content_type": 1, "codename": "delete_logentry"}}, {"model": "auth.permission", "pk": 4, "fields": {"name": "Can view log entry", "content_type": 1, "codename": "view_logentry"}}, {"model": "auth.permission", "pk": 5, "fields": {"name": "Can add permission", "content_type": 2, "codename": "add_permission"}}, {"model": "auth.permission", "pk": 6, "fields": {"name": "Can change permission", "content_type": 2, "codename": "change_permission"}}, {"model": "auth.permission", "pk": 7, "fields": {"name": "Can delete permission", "content_type": 2, "codename": "delete_permission"}}, {"model": "auth.permission", "pk": 8, "fields": {"name": "Can view permission", "content_type": 2, "codename": "view_permission"}}, {"model": "auth.permission", "pk": 9, "fields": {"name": "Can add group", "content_type": 3, "codename": "add_group"}}, {"model": "auth.permission", "pk": 10, "fields": {"name": "Can change group", "content_type": 3, "codename": "change_group"}}, {"model": "auth.permission", "pk": 11, "fields": {"name": "Can delete group", "content_type": 3, "codename": "delete_group"}}, {"model": "auth.permission", "pk": 12, "fields": {"name": "Can view group", "content_type": 3, "codename": "view_group"}}, {"model": "auth.permission", "pk": 13, "fields": {"name": "Can add user", "content_type": 4, "codename": "add_user"}}, {"model": "auth.permission", "pk": 14, "fields": {"name": "Can change user", "content_type": 4, "codename": "change_user"}}, {"model": "auth.permission", "pk": 15, "fields": {"name": "Can delete user", "content_type": 4, "codename": "delete_user"}}, {"model": "auth.permission", "pk": 16, "fields": {"name": "Can view user", "content_type": 4, "codename": "view_user"}}, {"model": "auth.permission", "pk": 17, "fields": {"name": "Can add content type", "content_type": 5, "codename": "add_contenttype"}}, {"model": "auth.permission", "pk": 18, "fields": {"name": "Can change content type", "content_type": 5, "codename": "change_contenttype"}}, {"model": "auth.permission", "pk": 19, "fields": {"name": "Can delete content type", "content_type": 5, "codename": "delete_contenttype"}}, {"model": "auth.permission", "pk": 20, "fields": {"name": "Can view content type", "content_type": 5, "codename": "view_contenttype"}}, {"model": "auth.permission", "pk": 21, "fields": {"name": "Can add session", "content_type": 6, "codename": "add_session"}}, {"model": "auth.permission", "pk": 22, "fields": {"name": "Can change session", "content_type": 6, "codename": "change_session"}}, {"model": "auth.permission", "pk": 23, "fields": {"name": "Can delete session", "content_type": 6, "codename": "delete_session"}}, {"model": "auth.permission", "pk": 24, "fields": {"name": "Can view session", "content_type": 6, "codename": "view_session"}}, {"model": "auth.permission", "pk": 25, "fields": {"name": "Can add application", "content_type": 7, "codename": "add_application"}}, {"model": "auth.permission", "pk": 26, "fields": {"name": "Can change application", "content_type": 7, "codename": "change_application"}}, {"model": "auth.permission", "pk": 27, "fields": {"name": "Can delete application", "content_type": 7, "codename": "delete_application"}}, {"model": "auth.permission", "pk": 28, "fields": {"name": "Can view application", "content_type": 7, "codename": "view_application"}}, {"model": "auth.permission", "pk": 29, "fields": {"name": "Can add stakeholder", "content_type": 8, "codename": "add_stakeholder"}}, {"model": "auth.permission", "pk": 30, "fields": {"name": "Can change stakeholder", "content_type": 8, "codename": "change_stakeholder"}}, {"model": "auth.permission", "pk": 31, "fields": {"name": "Can delete stakeholder", "content_type": 8, "codename": "delete_stakeholder"}}, {"model": "auth.permission", "pk": 32, "fields": {"name": "Can view stakeholder", "content_type": 8, "codename": "view_stakeholder"}}, {"model": "auth.permission", "pk": 33, "fields": {"name": "Can add stakeholder information relationship", "content_type": 9, "codename": "add_stakeholderinformationrelationship"}}, {"model": "auth.permission", "pk": 34, "fields": {"name": "Can change stakeholder information relationship", "content_type": 9, "codename": "change_stakeholderinformationrelationship"}}, {"model": "auth.permission", "pk": 35, "fields": {"name": "Can delete stakeholder information relationship", "content_type": 9, "codename": "delete_stakeholderinformationrelationship"}}, {"model": "auth.permission", "pk": 36, "fields": {"name": "Can view stakeholder information relationship", "content_type": 9, "codename": "view_stakeholderinformationrelationship"}}, {"model": "auth.permission", "pk": 37, "fields": {"name": "Can add information element", "content_type": 10, "codename": "add_informationelement"}}, {"model": "auth.permission", "pk": 38, "fields": {"name": "Can change information element", "content_type": 10, "codename": "change_informationelement"}}, {"model": "auth.permission", "pk": 39, "fields": {"name": "Can delete information element", "content_type": 10, "codename": "delete_informationelement"}}, {"model": "auth.permission", "pk": 40, "fields": {"name": "Can view information element", "content_type": 10, "codename": "view_informationelement"}}, {"model": "auth.user", "pk": 1, "fields": {"password": "pbkdf2_sha256$180000$gMy1mQluudx3$AnWY7Yl4ZLZ85nwFTZzFgtOaNNzPNqlPxW03ivuvEnc=", "last_login": "2021-03-03T20:54:10.167Z", "is_superuser": true, "username": "root", "first_name": "", "last_name": "", "email": "abdou@gmail.com", "is_staff": true, "is_active": true, "date_joined": "2021-03-01T10:02:27.614Z", "groups": [], "user_permissions": []}}, {"model": "admin.logentry", "pk": 1, "fields": {"action_time": "2021-03-01T20:12:56.245Z", "user": 1, "content_type": 7, "object_id": "1", "object_repr": "Amazon Web Services (AWS)", "action_flag": 1, "change_message": "[{\"added\": {}}]"}}, {"model": "admin.logentry", "pk": 2, "fields": {"action_time": "2021-03-01T20:12:59.236Z", "user": 1, "content_type": 8, "object_id": "1", "object_repr": "AWS team", "action_flag": 1, "change_message": "[{\"added\": {}}]"}}, {"model": "admin.logentry", "pk": 3, "fields": {"action_time": "2021-03-01T20:13:06.235Z", "user": 1, "content_type": 8, "object_id": "2", "object_repr": "Customer", "action_flag": 1, "change_message": "[{\"added\": {}}]"}}, {"model": "admin.logentry", "pk": 4, "fields": {"action_time": "2021-03-03T20:55:32.762Z", "user": 1, "content_type": 7, "object_id": "2", "object_repr": "WhatsApp", "action_flag": 1, "change_message": "[{\"added\": {}}]"}}, {"model": "admin.logentry", "pk": 5, "fields": {"action_time": "2021-03-03T20:59:06.634Z", "user": 1, "content_type": 8, "object_id": "3", "object_repr": "Customers", "action_flag": 1, "change_message": "[{\"added\": {}}]"}}, {"model": "admin.logentry", "pk": 6, "fields": {"action_time": "2021-03-03T20:59:21.437Z", "user": 1, "content_type": 8, "object_id": "4", "object_repr": "WhatsApp team", "action_flag": 1, "change_message": "[{\"added\": {}}]"}}, {"model": "admin.logentry", "pk": 7, "fields": {"action_time": "2021-03-03T20:59:41.991Z", "user": 1, "content_type": 8, "object_id": "5", "object_repr": "Amazon company", "action_flag": 1, "change_message": "[{\"added\": {}}]"}}, {"model": "admin.logentry", "pk": 8, "fields": {"action_time": "2021-03-03T20:59:57.140Z", "user": 1, "content_type": 8, "object_id": "6", "object_repr": "Third-party service providers", "action_flag": 1, "change_message": "[{\"added\": {}}]"}}, {"model": "admin.logentry", "pk": 9, "fields": {"action_time": "2021-03-03T21:00:17.462Z", "user": 1, "content_type": 8, "object_id": "7", "object_repr": "Facebook company", "action_flag": 1, "change_message": "[{\"added\": {}}]"}}, {"model": "admin.logentry", "pk": 10, "fields": {"action_time": "2021-03-03T21:00:50.217Z", "user": 1, "content_type": 8, "object_id": "8", "object_repr": "Third-party entities", "action_flag": 1, "change_message": "[{\"added\": {}}]"}}, {"model": "admin.logentry", "pk": 11, "fields": {"action_time": "2021-03-03T21:13:20.677Z", "user": 1, "content_type": 10, "object_id": "1", "object_repr": "Personal information (PI)", "action_flag": 1, "change_message": "[{\"added\": {}}]"}}, {"model": "admin.logentry", "pk": 12, "fields": {"action_time": "2021-03-03T21:16:16.204Z", "user": 1, "content_type": 10, "object_id": "1", "object_repr": "Personal information (PI)", "action_flag": 2, "change_message": "[{\"changed\": {\"fields\": [\"Description\"]}}]"}}, {"model": "admin.logentry", "pk": 13, "fields": {"action_time": "2021-03-03T21:18:12.289Z", "user": 1, "content_type": 10, "object_id": "2", "object_repr": "Collection of personal information", "action_flag": 1, "change_message": "[{\"added\": {}}]"}}, {"model": "admin.logentry", "pk": 14, "fields": {"action_time": "2021-03-03T21:18:16.062Z", "user": 1, "content_type": 10, "object_id": "2", "object_repr": "Collection of personal information", "action_flag": 2, "change_message": "[]"}}, {"model": "admin.logentry", "pk": 15, "fields": {"action_time": "2021-03-03T21:18:45.706Z", "user": 1, "content_type": 10, "object_id": "3", "object_repr": "Purpose for using personal information", "action_flag": 1, "change_message": "[{\"added\": {}}]"}}, {"model": "admin.logentry", "pk": 16, "fields": {"action_time": "2021-03-03T21:19:08.995Z", "user": 1, "content_type": 10, "object_id": "4", "object_repr": "Cookies", "action_flag": 1, "change_message": "[{\"added\": {}}]"}}, {"model": "admin.logentry", "pk": 17, "fields": {"action_time": "2021-03-03T21:20:14.294Z", "user": 1, "content_type": 10, "object_id": "5", "object_repr": "Sharing of personal information", "action_flag": 1, "change_message": "[{\"added\": {}}]"}}, {"model": "admin.logentry", "pk": 18, "fields": {"action_time": "2021-03-03T21:20:33.905Z", "user": 1, "content_type": 10, "object_id": "6", "object_repr": "Location of personal information", "action_flag": 1, "change_message": "[{\"added\": {}}]"}}, {"model": "admin.logentry", "pk": 19, "fields": {"action_time": "2021-03-03T21:22:35.132Z", "user": 1, "content_type": 10, "object_id": "7", "object_repr": "Security of personal information", "action_flag": 1, "change_message": "[{\"added\": {}}]"}}, {"model": "admin.logentry", "pk": 20, "fields": {"action_time": "2021-03-03T21:22:36.910Z", "user": 1, "content_type": 10, "object_id": "7", "object_repr": "Security of personal information", "action_flag": 2, "change_message": "[]"}}, {"model": "admin.logentry", "pk": 21, "fields": {"action_time": "2021-03-03T21:23:15.584Z", "user": 1, "content_type": 10, "object_id": "8", "object_repr": "Children\u2019s PI", "action_flag": 1, "change_message": "[{\"added\": {}}]"}}, {"model": "admin.logentry", "pk": 22, "fields": {"action_time": "2021-03-03T21:29:46.780Z", "user": 1, "content_type": 10, "object_id": "9", "object_repr": "Personal messages", "action_flag": 1, "change_message": "[{\"added\": {}}]"}}, {"model": "admin.logentry", "pk": 23, "fields": {"action_time": "2021-03-03T21:30:20.391Z", "user": 1, "content_type": 10, "object_id": "10", "object_repr": "WhatsApp's end-to-end message encryption system", "action_flag": 1, "change_message": "[{\"added\": {}}]"}}, {"model": "admin.logentry", "pk": 24, "fields": {"action_time": "2021-03-03T21:30:51.167Z", "user": 1, "content_type": 10, "object_id": "11", "object_repr": "Procedure of encrypting messages", "action_flag": 1, "change_message": "[{\"added\": {}}]"}}, {"model": "admin.logentry", "pk": 25, "fields": {"action_time": "2021-03-03T21:41:29.511Z", "user": 1, "content_type": 10, "object_id": "12", "object_repr": "Purpose of using end-to-end encryption", "action_flag": 1, "change_message": "[{\"added\": {}}]"}}, {"model": "admin.logentry", "pk": 26, "fields": {"action_time": "2021-03-03T21:42:40.646Z", "user": 1, "content_type": 10, "object_id": "13", "object_repr": "Payment information provided by the customer", "action_flag": 1, "change_message": "[{\"added\": {}}]"}}, {"model": "admin.logentry", "pk": 27, "fields": {"action_time": "2021-03-03T21:46:51.556Z", "user": 1, "content_type": 10, "object_id": "14", "object_repr": "Payment information (Card and bank numbers) security", "action_flag": 1, "change_message": "[{\"added\": {}}]"}}, {"model": "admin.logentry", "pk": 28, "fields": {"action_time": "2021-03-03T21:50:20.516Z", "user": 1, "content_type": 10, "object_id": "15", "object_repr": "Location of end-to-end encrypted messages", "action_flag": 1, "change_message": "[{\"added\": {}}]"}}, {"model": "admin.logentry", "pk": 29, "fields": {"action_time": "2021-03-03T22:00:47.422Z", "user": 1, "content_type": 9, "object_id": "1", "object_repr": "((<Stakeholder: Amazon Web Services (AWS) > Customer>, <InformationElement: Amazon Web Services (AWS) > Personal information (PI)>, 'production'))", "action_flag": 1, "change_message": "[{\"added\": {}}]"}}, {"model": "admin.logentry", "pk": 30, "fields": {"action_time": "2021-03-03T22:04:43.115Z", "user": 1, "content_type": 9, "object_id": "2", "object_repr": "((<Stakeholder: Amazon Web Services (AWS) > AWS team>, <InformationElement: Amazon Web Services (AWS) > Collection of personal information>, 'production'))", "action_flag": 1, "change_message": "[{\"added\": {}}]"}}, {"model": "admin.logentry", "pk": 31, "fields": {"action_time": "2021-03-03T22:05:00.548Z", "user": 1, "content_type": 9, "object_id": "3", "object_repr": "((<Stakeholder: Amazon Web Services (AWS) > AWS team>, <InformationElement: Amazon Web Services (AWS) > Purpose for using personal information>, 'production'))", "action_flag": 1, "change_message": "[{\"added\": {}}]"}}, {"model": "admin.logentry", "pk": 32, "fields": {"action_time": "2021-03-03T22:05:24.106Z", "user": 1, "content_type": 9, "object_id": "4", "object_repr": "((<Stakeholder: Amazon Web Services (AWS) > AWS team>, <InformationElement: Amazon Web Services (AWS) > Cookies>, 'production'))", "action_flag": 1, "change_message": "[{\"added\": {}}]"}}, {"model": "admin.logentry", "pk": 33, "fields": {"action_time": "2021-03-03T22:05:30.825Z", "user": 1, "content_type": 9, "object_id": "5", "object_repr": "((<Stakeholder: Amazon Web Services (AWS) > AWS team>, <InformationElement: Amazon Web Services (AWS) > Sharing of personal information>, 'production'))", "action_flag": 1, "change_message": "[{\"added\": {}}]"}}, {"model": "admin.logentry", "pk": 34, "fields": {"action_time": "2021-03-03T22:05:35.627Z", "user": 1, "content_type": 9, "object_id": "6", "object_repr": "((<Stakeholder: Amazon Web Services (AWS) > AWS team>, <InformationElement: Amazon Web Services (AWS) > Location of personal information>, 'production'))", "action_flag": 1, "change_message": "[{\"added\": {}}]"}}, {"model": "admin.logentry", "pk": 35, "fields": {"action_time": "2021-03-03T22:05:50.350Z", "user": 1, "content_type": 9, "object_id": "7", "object_repr": "((<Stakeholder: Amazon Web Services (AWS) > AWS team>, <InformationElement: Amazon Web Services (AWS) > Location of personal information>, 'production'))", "action_flag": 1, "change_message": "[{\"added\": {}}]"}}, {"model": "admin.logentry", "pk": 36, "fields": {"action_time": "2021-03-03T22:06:54.706Z", "user": 1, "content_type": 9, "object_id": "7", "object_repr": "((<Stakeholder: Amazon Web Services (AWS) > AWS team>, <InformationElement: Amazon Web Services (AWS) > Location of personal information>, 'production'))", "action_flag": 3, "change_message": ""}}, {"model": "admin.logentry", "pk": 37, "fields": {"action_time": "2021-03-03T22:07:02.793Z", "user": 1, "content_type": 9, "object_id": "8", "object_repr": "((<Stakeholder: Amazon Web Services (AWS) > AWS team>, <InformationElement: Amazon Web Services (AWS) > Location of personal information>, 'production'))", "action_flag": 1, "change_message": "[{\"added\": {}}]"}}, {"model": "admin.logentry", "pk": 38, "fields": {"action_time": "2021-03-03T22:07:09.902Z", "user": 1, "content_type": 9, "object_id": "8", "object_repr": "((<Stakeholder: Amazon Web Services (AWS) > AWS team>, <InformationElement: Amazon Web Services (AWS) > Location of personal information>, 'production'))", "action_flag": 3, "change_message": ""}}, {"model": "admin.logentry", "pk": 39, "fields": {"action_time": "2021-03-03T22:08:20.427Z", "user": 1, "content_type": 9, "object_id": "9", "object_repr": "((<Stakeholder: Amazon Web Services (AWS) > AWS team>, <InformationElement: Amazon Web Services (AWS) > Security of personal information>, 'production'))", "action_flag": 1, "change_message": "[{\"added\": {}}]"}}, {"model": "admin.logentry", "pk": 40, "fields": {"action_time": "2021-03-03T22:10:34.033Z", "user": 1, "content_type": 9, "object_id": "10", "object_repr": "((<Stakeholder: Amazon Web Services (AWS) > AWS team>, <InformationElement: Amazon Web Services (AWS) > Children\u2019s PI>, 'production'))", "action_flag": 1, "change_message": "[{\"added\": {}}]"}}, {"model": "admin.logentry", "pk": 41, "fields": {"action_time": "2021-03-03T22:10:54.073Z", "user": 1, "content_type": 9, "object_id": "11", "object_repr": "((<Stakeholder: Amazon Web Services (AWS) > AWS team>, <InformationElement: Amazon Web Services (AWS) > Personal information (PI)>, 'optional'))", "action_flag": 1, "change_message": "[{\"added\": {}}]"}}, {"model": "admin.logentry", "pk": 42, "fields": {"action_time": "2021-03-03T22:11:52.441Z", "user": 1, "content_type": 9, "object_id": "12", "object_repr": "Amazon Web Services (AWS) > Customer, Amazon Web Services (AWS) > Collection of personal information, obligatory", "action_flag": 1, "change_message": "[{\"added\": {}}]"}}, {"model": "admin.logentry", "pk": 43, "fields": {"action_time": "2021-03-03T22:11:59.382Z", "user": 1, "content_type": 9, "object_id": "13", "object_repr": "Amazon Web Services (AWS) > Customer, Amazon Web Services (AWS) > Purpose for using personal information, obligatory", "action_flag": 1, "change_message": "[{\"added\": {}}]"}}, {"model": "admin.logentry", "pk": 44, "fields": {"action_time": "2021-03-03T22:12:06.111Z", "user": 1, "content_type": 9, "object_id": "14", "object_repr": "Amazon Web Services (AWS) > Customer, Amazon Web Services (AWS) > Cookies, obligatory", "action_flag": 1, "change_message": "[{\"added\": {}}]"}}, {"model": "admin.logentry", "pk": 45, "fields": {"action_time": "2021-03-03T22:12:16.148Z", "user": 1, "content_type": 9, "object_id": "15", "object_repr": "Amazon Web Services (AWS) > Customer, Amazon Web Services (AWS) > Sharing of personal information, obligatory", "action_flag": 1, "change_message": "[{\"added\": {}}]"}}, {"model": "admin.logentry", "pk": 46, "fields": {"action_time": "2021-03-03T22:12:23.937Z", "user": 1, "content_type": 9, "object_id": "16", "object_repr": "Amazon Web Services (AWS) > Customer, Amazon Web Services (AWS) > Location of personal information, obligatory", "action_flag": 1, "change_message": "[{\"added\": {}}]"}}, {"model": "admin.logentry", "pk": 47, "fields": {"action_time": "2021-03-03T22:12:31.534Z", "user": 1, "content_type": 9, "object_id": "17", "object_repr": "Amazon Web Services (AWS) > Customer, Amazon Web Services (AWS) > Security of personal information, obligatory", "action_flag": 1, "change_message": "[{\"added\": {}}]"}}, {"model": "admin.logentry", "pk": 48, "fields": {"action_time": "2021-03-03T22:12:38.613Z", "user": 1, "content_type": 9, "object_id": "18", "object_repr": "Amazon Web Services (AWS) > Customer, Amazon Web Services (AWS) > Children\u2019s PI, obligatory", "action_flag": 1, "change_message": "[{\"added\": {}}]"}}, {"model": "admin.logentry", "pk": 49, "fields": {"action_time": "2021-03-03T22:13:05.270Z", "user": 1, "content_type": 9, "object_id": "19", "object_repr": "Amazon Web Services (AWS) > Amazon company, Amazon Web Services (AWS) > Personal information (PI), optional", "action_flag": 1, "change_message": "[{\"added\": {}}]"}}, {"model": "admin.logentry", "pk": 50, "fields": {"action_time": "2021-03-03T22:16:25.855Z", "user": 1, "content_type": 9, "object_id": "20", "object_repr": "Amazon Web Services (AWS) > Third-party service providers, Amazon Web Services (AWS) > Personal information (PI), optional", "action_flag": 1, "change_message": "[{\"added\": {}}]"}}, {"model": "admin.logentry", "pk": 51, "fields": {"action_time": "2021-03-03T22:16:52.749Z", "user": 1, "content_type": 9, "object_id": "21", "object_repr": "Amazon Web Services (AWS) > Third-party service providers, Amazon Web Services (AWS) > Sharing of personal information, obligatory", "action_flag": 1, "change_message": "[{\"added\": {}}]"}}, {"model": "admin.logentry", "pk": 52, "fields": {"action_time": "2021-03-03T22:17:06.236Z", "user": 1, "content_type": 9, "object_id": "22", "object_repr": "Amazon Web Services (AWS) > Amazon company, Amazon Web Services (AWS) > Sharing of personal information, obligatory", "action_flag": 1, "change_message": "[{\"added\": {}}]"}}, {"model": "admin.logentry", "pk": 53, "fields": {"action_time": "2021-03-03T22:17:17.289Z", "user": 1, "content_type": 9, "object_id": "23", "object_repr": "WhatsApp > Customers, WhatsApp > Personal messages, production", "action_flag": 1, "change_message": "[{\"added\": {}}]"}}, {"model": "admin.logentry", "pk": 54, "fields": {"action_time": "2021-03-03T22:21:40.592Z", "user": 1, "content_type": 9, "object_id": "24", "object_repr": "WhatsApp > WhatsApp team, WhatsApp > WhatsApp's end-to-end message encryption system, production", "action_flag": 1, "change_message": "[{\"added\": {}}]"}}, {"model": "admin.logentry", "pk": 55, "fields": {"action_time": "2021-03-03T22:21:46.759Z", "user": 1, "content_type": 9, "object_id": "25", "object_repr": "WhatsApp > WhatsApp team, WhatsApp > Procedure of encrypting messages, production", "action_flag": 1, "change_message": "[{\"added\": {}}]"}}, {"model": "admin.logentry", "pk": 56, "fields": {"action_time": "2021-03-03T22:21:59.849Z", "user": 1, "content_type": 9, "object_id": "26", "object_repr": "WhatsApp > WhatsApp team, WhatsApp > Purpose of using end-to-end encryption, production", "action_flag": 1, "change_message": "[{\"added\": {}}]"}}, {"model": "admin.logentry", "pk": 57, "fields": {"action_time": "2021-03-03T22:22:05.944Z", "user": 1, "content_type": 9, "object_id": "27", "object_repr": "WhatsApp > WhatsApp team, WhatsApp > Payment information provided by the customer, production", "action_flag": 1, "change_message": "[{\"added\": {}}]"}}, {"model": "admin.logentry", "pk": 58, "fields": {"action_time": "2021-03-03T22:22:16.896Z", "user": 1, "content_type": 9, "object_id": "28", "object_repr": "WhatsApp > WhatsApp team, WhatsApp > Payment information (Card and bank numbers) security, production", "action_flag": 1, "change_message": "[{\"added\": {}}]"}}, {"model": "admin.logentry", "pk": 59, "fields": {"action_time": "2021-03-03T22:22:23.325Z", "user": 1, "content_type": 9, "object_id": "29", "object_repr": "WhatsApp > WhatsApp team, WhatsApp > Location of end-to-end encrypted messages, production", "action_flag": 1, "change_message": "[{\"added\": {}}]"}}, {"model": "admin.logentry", "pk": 60, "fields": {"action_time": "2021-03-03T22:22:32.758Z", "user": 1, "content_type": 9, "object_id": "30", "object_repr": "WhatsApp > Customers, WhatsApp > WhatsApp's end-to-end message encryption system, obligatory", "action_flag": 1, "change_message": "[{\"added\": {}}]"}}, {"model": "admin.logentry", "pk": 61, "fields": {"action_time": "2021-03-03T22:30:01.234Z", "user": 1, "content_type": 9, "object_id": "31", "object_repr": "WhatsApp > Customers, WhatsApp > Procedure of encrypting messages, obligatory", "action_flag": 1, "change_message": "[{\"added\": {}}]"}}, {"model": "admin.logentry", "pk": 62, "fields": {"action_time": "2021-03-03T22:30:11.449Z", "user": 1, "content_type": 9, "object_id": "32", "object_repr": "WhatsApp > Customers, WhatsApp > Purpose of using end-to-end encryption, obligatory", "action_flag": 1, "change_message": "[{\"added\": {}}]"}}, {"model": "admin.logentry", "pk": 63, "fields": {"action_time": "2021-03-03T22:30:19.784Z", "user": 1, "content_type": 9, "object_id": "33", "object_repr": "WhatsApp > Customers, WhatsApp > Payment information provided by the customer, obligatory", "action_flag": 1, "change_message": "[{\"added\": {}}]"}}, {"model": "admin.logentry", "pk": 64, "fields": {"action_time": "2021-03-03T22:30:29.359Z", "user": 1, "content_type": 9, "object_id": "34", "object_repr": "WhatsApp > Customers, WhatsApp > Payment information (Card and bank numbers) security, obligatory", "action_flag": 1, "change_message": "[{\"added\": {}}]"}}, {"model": "admin.logentry", "pk": 65, "fields": {"action_time": "2021-03-03T22:30:43.071Z", "user": 1, "content_type": 9, "object_id": "35", "object_repr": "WhatsApp > Customers, WhatsApp > Location of end-to-end encrypted messages, obligatory", "action_flag": 1, "change_message": "[{\"added\": {}}]"}}, {"model": "admin.logentry", "pk": 66, "fields": {"action_time": "2021-03-03T22:30:50.069Z", "user": 1, "content_type": 9, "object_id": "36", "object_repr": "WhatsApp > Facebook company, WhatsApp > Personal messages, optional", "action_flag": 1, "change_message": "[{\"added\": {}}]"}}, {"model": "admin.logentry", "pk": 67, "fields": {"action_time": "2021-03-03T22:31:20.448Z", "user": 1, "content_type": 9, "object_id": "37", "object_repr": "WhatsApp > Third-party entities, WhatsApp > Personal messages, optional", "action_flag": 1, "change_message": "[{\"added\": {}}]"}}]